Tamanho (n),Algoritmo,Tempo Médio (s),Desvio Padrão (s),IC 95.0% Tempo (Inf),IC 95.0% Tempo (Sup),CO₂ Médio (kg),Desvio Padrão (CO₂),IC 95.0% CO₂ (Inf),IC 95.0% CO₂ (Sup),Repetições (N)
5000,Classic,0.9353718423843385,0.045334553881273,0.9141546180592831,0.9565890667093938,1.0481464567905431e-05,5.07668453478813e-07,1.024386841799243e-05,1.0719060717818431e-05,20
5000,MinHeap,0.04124974966049194,0.0016265281094356458,0.04048851107282912,0.04201098824815476,4.6592029633370445e-07,1.8299960262069452e-08,4.5735565129414406e-07,4.7448494137326484e-07,20
5000,NetworkX,0.05006537437438965,0.016202888271162817,0.042482189237873266,0.05764855951090603,5.649505872225519e-07,1.8144922012285774e-07,4.800297381713972e-07,6.498714362737066e-07,20
10000,Classic,3.9178905701637268,0.1854861308149104,3.831080388751261,4.004700751576193,4.3887998712856835e-05,2.0776134434583918e-06,4.2915645690346634e-05,4.4860351735367036e-05,20
10000,MinHeap,0.10077720403671264,0.008973876999357167,0.09657730031957322,0.10497710775385206,1.13287346299927e-06,1.005990241652146e-07,1.085791670418165e-06,1.179955255580375e-06,20
10000,NetworkX,0.11112352371215821,0.018968063420049742,0.10224619676968844,0.12000085065462798,1.2486320823810622e-06,2.1261914681910043e-07,1.1491232585890134e-06,1.348140906173111e-06,20
