Tamanho (n),Algoritmo,Tempo Médio (s),Desvio Padrão (s),IC 95.0% Tempo (Inf),IC 95.0% Tempo (Sup),CO₂ Médio (kg),Desvio Padrão (CO₂),IC 95.0% CO₂ (Inf),IC 95.0% CO₂ (Sup),Repetições (N)
50000,MinHeap,0.7003534483909608,0.03609949626760471,0.68345836407322,0.7172485327087016,7.848058870909312e-06,4.0436983210812533e-07,7.65880796396111e-06,8.037309777857514e-06,20
50000,NetworkX,0.7382719564437866,0.04498470673574779,0.7172184656228819,0.7593254472646913,8.272172663158685e-06,5.0383728290992e-07,8.036369556265378e-06,8.507975770051991e-06,20
